cpf,idade,endereco,bairro,estado
..***.***01,92.0,"trevo emanuel silva, 482",vila tirol,AP
..***.***46,41.0,"recanto moraes, 7",ernesto nascimento,PB
..***.***43,78.0,"residencial de pereira, 20",jatobá,AL
..***.***30,55.0,"parque almeida, 66",vila suzana segunda seção,SE
..***.***21,69.0,"rodovia de pereira, 51",estrela,BA
..***.***20,71.0,esplanada lavínia ramos,são francisco,SP
..***.***80,42.0,"praça cavalcanti, 65",conjunto celso machado,RO
..***.***83,32.0,"esplanada monteiro, 88",conjunto paulo vi,GO
..***.***84,51.0,"ladeira monteiro, 57",vila primeiro de maio,CE
..***.***50,53.0,"recanto luiz miguel jesus, 35",vila aeroporto jaraguá,PB
..***.***01,90.0,"ladeira de porto, 38",nova america,TO
..***.***78,24.0,"via de jesus, 57",vila da amizade,PB
..***.***19,56.0,"lago castro, 94",mariano de abreu,RJ
..***.***60,85.0,"setor isadora da rosa, 583",chácara leonina,RR
..***.***97,84.0,"viaduto pedro lucas cavalcanti, 49",tiradentes,RS
..***.***60,38.0,"rua vitor hugo pinto, 21",anchieta,RJ
..***.***86,78.0,"rodovia aragão, 245",conjunto lagoa,MG
..***.***20,71.0,"alameda de lima, 65",boa esperança,PE
..***.***77,64.0,"trecho lucas sales, 24",dom bosco,RO
..***.***41,55.0,"passarela igor novaes, 89",pompéia,SE
..***.***57,83.0,"sítio luna carvalho, 98",novo santa cecilia,AM
..***.***25,75.0,"esplanada de castro, 4",vila nova cachoeirinha 1ª seção,MT
..***.***33,36.0,"estrada de aragão, 1",vila barragem santa lúcia,AC
..***.***47,46.0,via gabriela nascimento,madre gertrudes,AP
..***.***57,80.0,"travessa vinicius da mata, 52",alta tensão 1ª seção,CE
..***.***32,64.0,largo vieira,milionario,DF
..***.***69,58.0,"área lucas gabriel silveira, 51",anchieta,PE
..***.***05,61.0,"jardim isabelly gomes, 23",nossa senhora de fátima,ES
..***.***34,97.0,distrito de silveira,dona clara,AM
..***.***65,65.0,travessa ana júlia da rocha,miramar,TO
..***.***26,40.0,"avenida milena pires, 360",vila rica,AP
..***.***95,57.0,"rodovia marcelo souza, 25",estrela,RN
..***.***39,52.0,"pátio alexandre teixeira, 243",indaiá,RR
..***.***24,52.0,"via clara da rosa, 928",castelo,RR
..***.***09,60.0,"estação ribeiro, 46",venda nova,PB
..***.***17,62.0,"sítio de cavalcanti, 97",juliana,PA
..***.***03,53.0,"condomínio de rodrigues, 52",conjunto providencia,SC
..***.***95,73.0,"rodovia vieira, 63",conjunto taquaril,RN
..***.***25,33.0,"recanto de da conceição, 1",paraíso,AM
..***.***85,63.0,"setor de azevedo, 375",castanheira,AL
..***.***04,56.0,"ladeira pietra cunha, 13",vista alegre,PA
..***.***76,39.0,"vereda davi lucca barbosa, 35",estrela do oriente,GO
..***.***92,97.0,"rodovia ana júlia araújo, 68",vila real 2ª seção,PE
..***.***85,25.0,"distrito de barros, 41",suzana,RJ
..***.***48,61.0,"feira campos, 17",cruzeiro,DF
..***.***82,41.0,"avenida vitor hugo cardoso, 34",vila são rafael,SC
..***.***10,47.0,"rodovia de souza, 63",vila nova dos milionarios,MS
..***.***96,89.0,"residencial ian da paz, 6",padre eustáquio,PR
..***.***39,64.0,"ladeira de da paz, 98",jardim dos comerciarios,PE
..***.***00,46.0,"ladeira pereira, 21",buraco quente,BA
..***.***14,77.0,"área barros, 46",salgado filho,BA
..***.***52,36.0,"vereda luiz felipe costa, 70",minaslandia,DF
..***.***50,99.0,"vila sales, 97",paquetá,ES
..***.***91,26.0,"favela alana ribeiro, 318",casa branca,MS
..***.***01,37.0,"parque freitas, 82",ouro minas,AC
..***.***15,90.0,"trecho bryan da cunha, 1",betânia,PA
..***.***00,32.0,esplanada moreira,pindura saia,ES
..***.***80,24.0,"campo de barros, 16",silveira,DF
..***.***70,91.0,"distrito esther campos, 264",apolonia,PA
..***.***39,99.0,"largo pires, 78",bacurau,AP
..***.***53,51.0,campo isabelly freitas,novo santa cecilia,CE
..***.***16,71.0,favela maria novaes,savassi,RR
..***.***65,44.0,"trevo moraes, 5",cônego pinheiro 1ª seção,SP
..***.***77,99.0,"rua mendes, 337",penha,SP
..***.***29,25.0,"lagoa cardoso, 1",ambrosina,SP
..***.***50,97.0,"lago maitê campos, 31",braúnas,TO
..***.***82,94.0,"residencial barbosa, 44",zilah sposito,AP
..***.***97,37.0,"recanto de rocha, 68",conjunto califórnia i,SE
..***.***87,99.0,"vale gustavo henrique alves, 50",vila madre gertrudes 4ª seção,AL
..***.***00,88.0,vila farias,vila satélite,RN
..***.***09,24.0,"fazenda de porto, 3",senhor dos passos,MA
..***.***51,75.0,"setor miguel pires, 3",ermelinda,PA
..***.***93,,morro de castro,vila pilar,SP
..***.***98,30.0,"praça ferreira, 764",vila sumaré,CE
..***.***96,48.0,"vereda cauê novaes, 14",conjunto califórnia ii,BA
..***.***22,80.0,"fazenda de pinto, 42",são jorge 1ª seção,PR
..***.***25,83.0,"loteamento luiz felipe teixeira, 87",novo ouro preto,AM
..***.***70,39.0,"quadra emanuella da conceição, 29",cruzeiro,MS
..***.***10,64.0,"rodovia danilo costa, 17",alta tensão 2ª seção,MS
..***.***04,57.0,vila stephany lima,vista do sol,PA
..***.***05,73.0,"morro de cardoso, 47",marçola,SE
..***.***60,63.0,lagoa sarah azevedo,monsenhor messias,CE
..***.***39,92.0,"loteamento oliveira, 29",camponesa 1ª seção,PE
..***.***37,69.0,"largo nascimento, 97",delta,PR
..***.***96,72.0,Endereço inválido,Desconhecido,Estado inválido
..***.***49,41.0,"aeroporto de das neves, 7",vila sumaré,AL
..***.***31,48.0,"conjunto de cardoso, 5",vila minaslandia,PR
..***.***70,81.0,viaduto cardoso,belmonte,RO
..***.***67,56.0,fazenda de barros,boa esperança,DF
..***.***56,23.0,colônia maria vitória moura,aarão reis,GO
..***.***00,44.0,avenida de cardoso,madre gertrudes,RN
..***.***53,41.0,"lagoa leandro caldeira, 1",chácara leonina,MT
..***.***19,86.0,"esplanada de das neves, 5",andiroba,MG
..***.***70,71.0,"praia eloah da mata, 95",cachoeirinha,AL
..***.***25,63.0,"praia carvalho, 7",vila nova,PA
..***.***20,24.0,"área de correia, 44",chácara leonina,AM
..***.***32,72.0,"vale lorenzo almeida, 80",vila mantiqueira,PE
..***.***07,67.0,chácara isadora das neves,vila da amizade,PB
..***.***99,67.0,estação cunha,calafate,PR
..***.***11,48.0,"loteamento de lima, 1",vila primeiro de maio,MT
..***.***57,76.0,"alameda de gonçalves, 79",saudade,SP
..***.***25,48.0,"quadra bernardo ferreira, 85",marieta 1ª seção,PA
..***.***03,44.0,"rodovia alícia dias, 58",vila boa vista,RR
..***.***02,38.0,"rua de cavalcanti, 8",vila da paz,AC
..***.***67,96.0,"esplanada de silva, 1",vila puc,GO
..***.***14,27.0,"viaduto de freitas, 12",centro,RR
..***.***16,67.0,"recanto valentina pinto, 52",satelite,PA
..***.***93,60.0,"passarela de santos, 501",vila atila de paiva,ES
..***.***11,76.0,"morro lucca da rocha, 40",bandeirantes,CE
..***.***11,81.0,"praça de da paz, 5",conjunto jardim filadélfia,TO
..***.***32,78.0,"fazenda joão felipe souza, 78",nova pampulha,SC
..***.***10,92.0,"rodovia cauê monteiro, 50",heliopolis,CE
..***.***34,55.0,"área de ferreira, 20",vila independencia 2ª seção,AC
..***.***48,97.0,"núcleo almeida, 41",vila são paulo,PB
..***.***55,24.0,"lagoa de vieira, 25",paquetá,AL
..***.***76,57.0,"conjunto da luz, 6",chácara leonina,SC
..***.***73,81.0,"ladeira de rodrigues, 58",vila são francisco,ES
..***.***03,61.0,"jardim de nascimento, 7",engenho nogueira,RS
..***.***47,77.0,"quadra de da cruz, 42",vila jardim montanhes,PE
..***.***13,49.0,"conjunto de da cruz, 1",mariano de abreu,RJ
..***.***40,98.0,"colônia francisco campos, 7",vila betânia,SC
..***.***20,72.0,largo de barbosa,vila nova gameleira 1ª seção,AL
..***.***94,58.0,aeroporto rezende,santo antônio,SP
..***.***32,61.0,"campo de pinto, 72",santana do cafezal,PI
..***.***03,81.0,"setor de ferreira, 742",vila antena,RR
..***.***04,37.0,"ladeira de sales, 15",vila são francisco,DF
..***.***65,98.0,ladeira de teixeira,são geraldo,PB
..***.***22,29.0,"aeroporto duarte, 9",funcionários,ES
..***.***48,39.0,"trecho de martins, 51",vila santa monica 1ª seção,PR
..***.***07,44.0,"vila alexia viana, 87",jardim alvorada,PA
..***.***10,54.0,"morro melo, 463",grajaú,RO
..***.***42,26.0,"residencial de aragão, 65",planalto,RN
..***.***05,41.0,"vereda kamilly da rosa, 80",são geraldo,SC
..***.***70,46.0,"morro davi luiz correia, 38",vila são paulo,CE
..***.***61,77.0,"distrito ana laura aragão, 90",jardim do vale,MA
..***.***41,34.0,"favela gonçalves, 32",cônego pinheiro 1ª seção,PR
..***.***83,30.0,"viela da paz, 92",serra,MT
..***.***03,21.0,"loteamento emanuelly sales, 135",leticia,SP
..***.***17,47.0,"favela oliveira, 67",vila copacabana,PR
..***.***56,78.0,"condomínio campos, 38",dom bosco,SP
..***.***01,29.0,"estação milena silva, 549",bairro das indústrias ii,PE
..***.***30,76.0,"feira alice ramos, 3",são joão batista,PE
..***.***51,65.0,"passarela nogueira, 8",castelo,PI
..***.***91,97.0,"campo campos, 82",são pedro,MA
..***.***73,20.0,"jardim beatriz farias, 11",acaba mundo,AL
..***.***34,97.0,lagoa cavalcanti,savassi,PE
..***.***32,47.0,"rua sales, 4",universo,SE
..***.***00,67.0,"viaduto thales costela, 23",mala e cuia,BA
..***.***01,49.0,"distrito maria moraes, 9",vila paris,PR
..***.***85,76.0,"esplanada de moura, 95",boa viagem,MA
..***.***90,69.0,"viaduto de peixoto, 16",inconfidência,CE
..***.***98,50.0,"condomínio leandro da mota, 20",jatobá,TO
..***.***04,41.0,trevo carvalho,vila paraíso,RN
..***.***91,91.0,morro de duarte,pindorama,RS
..***.***56,43.0,"praia ana carolina correia, 11",santa sofia,RO
..***.***75,74.0,"rodovia de fogaça, 96",lajedo,RS
..***.***01,99.0,"rua duarte, 85",vila real 1ª seção,AC
..***.***11,70.0,"sítio mariana almeida, 86",carlos prates,PR
..***.***31,49.0,"aeroporto da paz, 54",vila são dimas,PR
..***.***34,93.0,"praia nascimento, 541",senhor dos passos,PA
..***.***40,21.0,"distrito de cardoso, 24",flamengo,PI
..***.***97,48.0,"vale de vieira, 67",suzana,PA
..***.***87,86.0,"trecho brenda ferreira, 25",lagoinha,RJ
..***.***46,77.0,"avenida de santos, 89",são pedro,MS
..***.***50,83.0,"loteamento oliveira, 12",vila da ária,AM
..***.***03,22.0,"vila viana, 68",nova cintra,AM
..***.***75,91.0,"passarela jesus, 34",vila jardim montanhes,PB
..***.***65,63.0,viaduto caldeira,vila nova paraíso,PE
..***.***52,48.0,"sítio aragão, 73",aguas claras,RJ
..***.***57,20.0,área gabriela nascimento,ermelinda,RR
..***.***98,28.0,"estrada agatha correia, 79",xodo-marize,TO
..***.***01,27.0,"pátio ribeiro, 33",vila oeste,MS
..***.***03,62.0,"residencial rebeca da paz, 43",santa inês,SC
..***.***19,63.0,"aeroporto moura, 81",salgado filho,SP
..***.***50,44.0,"parque mariane araújo, 1",flamengo,RO
..***.***77,24.0,"estrada de carvalho, 309",funcionários,DF
..***.***77,77.0,"via da cunha, 11",sport club,TO
..***.***68,30.0,"rodovia agatha cavalcanti, 27",santo antônio,AP
..***.***40,87.0,praça raul pires,maria virgínia,TO
..***.***24,32.0,vila farias,braúnas,SE
..***.***86,100.0,"núcleo maria luiza novaes, 100",xangri-lá,RJ
..***.***64,70.0,"esplanada de da cruz, 73",eymard,PE
..***.***03,46.0,"jardim ana carolina da mota, 6",vila petropolis,AP
..***.***78,40.0,"vereda de costela, 27",vila de sá,MG
..***.***11,43.0,"trevo manuela jesus, 927",ipe,SC
..***.***79,87.0,"chácara cardoso, 14",vila aeroporto,RN
..***.***05,40.0,"praça de oliveira, 35",conjunto santa maria,RN
..***.***88,49.0,"residencial luigi duarte, 6",manacas,SC
..***.***33,97.0,"núcleo de ferreira, 77",lagoa,PR
..***.***41,27.0,"área de fernandes, 37",vila são dimas,MT
..***.***17,79.0,"loteamento porto, 4",vila santo antônio,SE
..***.***38,67.0,"área de ribeiro, 688",vila vista alegre,PR
..***.***84,70.0,"pátio carlos eduardo azevedo, 76",havaí,RO
..***.***35,85.0,"quadra almeida, 83",paquetá,CE
..***.***05,51.0,"feira almeida, 72",vila são dimas,RJ
..***.***05,78.0,"viaduto de freitas, 46",novo glória,TO
..***.***00,88.0,"ladeira agatha almeida, 27",vila copacabana,RS
..***.***11,22.0,"residencial cavalcanti, 50",grota,MG
..***.***50,96.0,"colônia bryan costela, 404",suzana,SE
..***.***07,46.0,"rodovia de moreira, 6",santo agostinho,AM
..***.***80,86.0,"esplanada oliveira, 654",serra,PR
..***.***50,22.0,"rodovia thomas santos, 48",vila suzana segunda seção,AM
..***.***00,95.0,"vila milena porto, 70",marieta 1ª seção,RO
..***.***46,98.0,"lagoa rebeca novaes, 77",são jorge 1ª seção,SE
..***.***94,65.0,"núcleo sales, 59",novo das industrias,PE
..***.***17,78.0,"feira sales, 82",coração eucarístico,AL
..***.***37,27.0,"colônia de azevedo, 22",centro,CE
..***.***41,32.0,alameda fernandes,são salvador,AM
..***.***86,31.0,"estrada de castro, 671",trevo,PI
..***.***04,53.0,"trecho calebe ferreira, 902",funcionários,AL
..***.***98,49.0,"chácara joão gabriel correia, 983",vila batik,ES
..***.***33,47.0,"lago maria cecília dias, 93",marçola,MG
..***.***70,20.0,via de santos,delta,DF
..***.***52,19.0,"viela mariana ferreira, 867",cidade jardim taquaril,AL
..***.***44,35.0,"via caio carvalho, 11",inconfidência,AM
..***.***93,94.0,residencial joão guilherme campos,vila paraíso,PR
..***.***56,45.0,"vereda jesus, 420",monsenhor messias,DF
..***.***55,83.0,"setor de da mata, 49",zilah sposito,PI
..***.***67,45.0,"rua lavínia da rosa, 9",pedreira padro lopes,TO
..***.***30,93.0,"setor de santos, 49",itatiaia,SP
..***.***66,65.0,"parque thomas nogueira, 74",outro,AM
..***.***23,27.0,"viela de mendes, 45",jardim leblon,AM
..***.***24,84.0,"loteamento barbosa, 28",vila madre gertrudes 2ª seção,RO
..***.***04,44.0,"trevo barros, 87",chácara leonina,PR
..***.***29,20.0,"lagoa isabella viana, 20",zilah sposito,PR
..***.***02,25.0,"fazenda rezende, 619",vila da paz,PI
..***.***33,49.0,praça souza,santa inês,SC
..***.***39,31.0,"praça almeida, 81",são bento,MT
..***.***59,39.0,"vila martins, 7",casa branca,PA
..***.***02,69.0,"passarela de pires, 6",olhos d'água,MS
..***.***60,89.0,"aeroporto lavínia porto, 29",barreiro,RR
..***.***60,72.0,"parque de aragão, 76",cachoeirinha,ES
..***.***00,44.0,"vale ramos, 60",vila santo antônio,RR
..***.***48,77.0,loteamento nascimento,engenho nogueira,PA
..***.***87,78.0,"esplanada joão guilherme barbosa, 39",barão homem de melo 2ª seção,AL
..***.***28,32.0,parque nascimento,vila minaslandia,AL
..***.***88,77.0,"largo alves, 654",vera cruz,MS
..***.***38,52.0,"trevo de azevedo, 36",vila barragem santa lúcia,PR
..***.***77,28.0,"área de barros, 4",vila mangueiras,CE
..***.***60,84.0,"setor arthur barros, 58",vera cruz,MT
..***.***05,50.0,"largo gomes, 85",vila da paz,PB
..***.***25,55.0,"praia agatha cardoso, 1",lagoinha,PI
..***.***60,79.0,"via novaes, 81",vila são paulo,MT
..***.***83,90.0,"pátio castro, 51",vila trinta e um de março,ES
..***.***50,55.0,"campo lima, 42",conjunto califórnia ii,PE
..***.***89,62.0,"esplanada rafael viana, 38",apolonia,MG
..***.***89,21.0,"travessa beatriz fogaça, 47",fernão dias,RN
..***.***84,87.0,"praça correia, 3",canadá,RJ
..***.***57,61.0,"viela maria cecília viana, 44",vila copacabana,PA
..***.***17,37.0,"vila nina moura, 41",vila santo antônio,PA
..***.***34,61.0,"núcleo carvalho, 87",piraja,PI
..***.***80,52.0,"rodovia de da luz, 710",saudade,RO
..***.***57,27.0,residencial beatriz lopes,ermelinda,RN
..***.***03,69.0,"aeroporto de ferreira, 9",senhor dos passos,AC
..***.***25,31.0,"chácara da luz, 27",bonfim,SP
..***.***06,48.0,núcleo cardoso,barreiro,TO
..***.***51,44.0,"residencial de ribeiro, 11",vila santa rosa,GO
..***.***61,33.0,"aeroporto de campos, 63",são gabriel,PB
..***.***70,32.0,loteamento de rodrigues,santa cecilia,GO
..***.***66,53.0,"vale pinto, 70",esplanada,PI
..***.***06,67.0,"vale costela, 5",parque são josé,SP
..***.***90,81.0,"jardim de barros, 111",caiçara - adelaide,TO
..***.***01,77.0,"pátio da rocha, 793",vila rica,ES
..***.***47,95.0,"setor samuel porto, 99",bairro das indústrias ii,AM
..***.***70,66.0,"via diego lima, 60",distrito industrial do jatoba,AP
..***.***83,76.0,"área joão lucas lima, 997",são benedito,RO
..***.***00,47.0,"praia vitor gabriel cunha, 89",concórdia,SC
..***.***22,59.0,viaduto juliana nogueira,trevo,BA
..***.***68,49.0,"passarela moura, 85",vila rica,DF
..***.***00,31.0,"condomínio de sales, 62",são bernardo,PB
..***.***93,34.0,"estação de ribeiro, 893",zilah sposito,SP
..***.***53,83.0,Endereço inválido,Desconhecido,Estado inválido
..***.***39,57.0,"estrada ana ramos, 10",novo tupi,GO
..***.***66,62.0,"estação de azevedo, 639",vila antena montanhês,MS
..***.***06,89.0,"viaduto eduarda pinto, 76",pousada santo antonio,RS
..***.***23,85.0,morro lavínia almeida,esperança,AP
..***.***09,98.0,"travessa oliveira, 28",minas brasil,MA
..***.***64,89.0,"conjunto de souza, 842",petropolis,TO
..***.***90,46.0,"quadra de fogaça, 57",vila nova gameleira 3ª seção,PE
..***.***53,71.0,"estrada de carvalho, 52",conjunto jardim filadélfia,GO
..***.***06,31.0,"travessa melo, 5",biquinhas,ES
..***.***74,41.0,"largo de rodrigues, 19",campo alegre,DF
..***.***77,51.0,área nogueira,solimoes,PE
..***.***03,94.0,estação mendes,colégio batista,PR
..***.***76,98.0,"passarela de carvalho, 69",coração de jesus,SE
..***.***28,27.0,"morro de nascimento, 17",coqueiros,MG
..***.***30,22.0,"largo viana, 3",vila fumec,PE
..***.***17,73.0,"loteamento de viana, 65",conjunto novo dom bosco,PI
..***.***02,90.0,"feira gustavo nascimento, 911",vila calafate,RS
..***.***40,50.0,vereda cunha,jardim do vale,ES
..***.***08,49.0,"aeroporto augusto das neves, 847",maria helena,TO
..***.***02,100.0,"feira fogaça, 914",vila dos anjos,PI
..***.***49,56.0,"estação moraes, 13",carmo,MG
..***.***94,92.0,"feira maria julia costela, 21",mariano de abreu,MG
..***.***15,68.0,"loteamento de lima, 16",conjunto providencia,SE
..***.***55,65.0,"rodovia pires, 57",vila de sá,SP
..***.***03,96.0,pátio carvalho,vila primeiro de maio,AP
..***.***05,61.0,"parque melo, 462",vila cloris,GO
..***.***57,63.0,"alameda vitor gabriel lopes, 52",pedreira padro lopes,MS
..***.***50,35.0,"campo de campos, 83",vila tirol,RN
..***.***51,54.0,"passarela oliveira, 48",santa monica,RO
..***.***65,81.0,"via letícia nunes, 280",monsenhor messias,AL
..***.***13,44.0,"travessa ribeiro, 92",pindorama,GO
..***.***48,52.0,"conjunto eduardo da paz, 2",dom joaquim,AP
..***.***08,39.0,"feira clara lima, 5",vila independencia 3ª seção,MA
..***.***86,79.0,"núcleo de rocha, 9",sport club,SP
..***.***12,22.0,"vila de freitas, 80",santo antônio,AC
..***.***94,48.0,"fazenda de lima, 95",vila das oliveiras,RJ
..***.***76,76.0,"ladeira caldeira, 5",vila paris,AC
..***.***87,36.0,"travessa ana lívia da mata, 63",madri,ES
..***.***90,89.0,"residencial costa, 9",cidade jardim taquaril,SE
..***.***51,26.0,"colônia monteiro, 49",europa,MT
..***.***44,32.0,"lagoa das neves, 36",marçola,BA
..***.***33,53.0,"esplanada souza, 437",álvaro camargos,MG
..***.***53,69.0,"favela de carvalho, 28",confisco,RS
..***.***30,74.0,"praça caroline almeida, 19",conjunto bonsucesso,DF
..***.***95,73.0,"lagoa de fogaça, 92",pantanal,MG
..***.***34,69.0,"vale ana julia porto, 19",alto barroca,MG
..***.***89,95.0,"residencial de cunha, 20",santana do cafezal,PB
..***.***80,68.0,"travessa lucca carvalho, 38",aeroporto,RO
..***.***12,55.0,aeroporto ana clara oliveira,indaiá,AM
..***.***47,39.0,"praia de da mata, 18",são jorge 3ª seção,RJ
..***.***90,58.0,"favela de azevedo, 62",lindéia,MA
..***.***07,80.0,"loteamento ferreira, 493",lagoa,PI
..***.***30,26.0,"campo vinicius campos, 2",conjunto são francisco de assis,MG
..***.***00,46.0,"condomínio bruna mendes, 55",pongelupe,CE
..***.***03,33.0,"loteamento freitas, 30",primeiro de maio,SP
..***.***97,23.0,"trecho de freitas, 8",vila piratininga venda nova,TO
..***.***92,66.0,"alameda de da rosa, 2",são salvador,PE
..***.***20,100.0,"largo juliana barbosa, 182",concórdia,RN
..***.***28,50.0,viela de da paz,minaslandia,PE
..***.***73,37.0,"passarela joão lucas nogueira, 753",são pedro,PE
..***.***60,82.0,"campo vinicius silva, 27",lagoinha,AC
..***.***55,26.0,"viaduto de castro, 65",jardim vitoria,RR
..***.***73,52.0,"estrada de rocha, 305",lourdes,PE
..***.***49,97.0,"pátio lopes, 1",varzea da palma,AM
..***.***79,88.0,"recanto gustavo pereira, 77",santo antônio,PE
..***.***60,33.0,"largo kevin barbosa, 2",vila da ária,MG
..***.***22,31.0,recanto azevedo,vila cloris,CE
..***.***87,51.0,"trecho igor barros, 77",mariano de abreu,ES
..***.***22,95.0,alameda de pinto,pousada santo antonio,RS
..***.***90,65.0,"trevo rezende, 51",bela vitoria,MG
..***.***07,55.0,"estação de freitas, 32",corumbiara,RR
..***.***86,31.0,distrito rocha,luxemburgo,CE
..***.***89,29.0,"recanto silveira, 47",olhos d'água,ES
..***.***78,72.0,"residencial de pires, 28",laranjeiras,RS
..***.***10,39.0,"distrito de lopes, 397",alto dos pinheiros,MS
..***.***00,89.0,"feira cardoso, 21",conjunto minas caixa,RN
..***.***67,42.0,"conjunto daniel fernandes, 403",garças,GO
..***.***53,59.0,"parque maitê santos, 42",boa viagem,RS
..***.***41,22.0,"quadra de da mota, 62",alto caiçaras,MG
..***.***02,32.0,"viaduto jesus, 11",conjunto jatoba,DF
..***.***14,55.0,"alameda anthony fogaça, 11",mantiqueira,RS
..***.***80,31.0,"quadra de fogaça, 28",pantanal,PI
..***.***15,45.0,fazenda caldeira,satelite,AM
..***.***39,56.0,vila alves,jardim atlântico,DF
..***.***09,76.0,"feira enrico nogueira, 1",itaipu,PB
..***.***64,94.0,"rua pedro miguel da luz, 95",nossa senhora do rosário,PA
..***.***32,63.0,vila de da mata,cônego pinheiro 2ª seção,CE
..***.***44,64.0,"sítio de cardoso, 88",acaiaca,RS
..***.***74,39.0,"jardim maria sophia ferreira, 95",vila nova paraíso,CE
..***.***21,27.0,"praça de castro, 980",ernesto nascimento,SE
..***.***83,24.0,"praça olivia silveira, 49",novo das industrias,AC
..***.***62,24.0,"área de barros, 86",boa esperança,RN
..***.***51,77.0,"alameda gustavo henrique gonçalves, 50",beija flor,RJ
..***.***84,23.0,"jardim de lopes, 7",planalto,AM
..***.***13,44.0,"alameda de da mota, 94",vila paquetá,CE
..***.***82,86.0,"lagoa milena ramos, 4",caiçara - adelaide,AM
..***.***40,48.0,"setor da cunha, 39",jardim montanhês,RJ
..***.***71,27.0,"área peixoto, 32",flavio de oliveira,SE
..***.***73,58.0,"vereda matheus azevedo, 2",serrano,AC
..***.***87,85.0,"praia raul campos, 12",conjunto providencia,CE
..***.***87,51.0,"jardim enzo da paz, 47",vila ouro minas,PR
..***.***92,44.0,"vale oliveira, 22",nova suíça,RS
..***.***33,52.0,"conjunto maria vitória da cunha, 59",serra do curral,MG
..***.***22,57.0,"alameda maria fernanda castro, 87",maravilha,PI
..***.***00,74.0,"praça de moraes, 588",nova america,PA
..***.***42,36.0,"jardim de ramos, 69",vila nova gameleira 3ª seção,PA
..***.***52,47.0,"quadra mendes, 42",vila pinho,GO
..***.***75,42.0,"campo marcela silveira, 66",álvaro camargos,AM
..***.***79,88.0,"fazenda de moraes, 637",buraco quente,PR
..***.***91,21.0,"recanto alves, 105",saudade,RR
..***.***03,56.0,"lago jesus, 71",frei leopoldo,MA
..***.***05,52.0,esplanada cauã teixeira,jardim américa,SP
..***.***06,54.0,"praia heitor castro, 6",jardim leblon,MS
..***.***16,63.0,"viela benjamin campos, 1",pompéia,CE
..***.***50,48.0,"núcleo castro, 7",maria helena,BA
..***.***12,56.0,"estrada lucas gabriel caldeira, 856",joão pinheiro,MG
..***.***90,34.0,"trecho freitas, 427",alto dos pinheiros,AP
..***.***15,40.0,via ribeiro,flavio de oliveira,PR
..***.***85,48.0,"lago silva, 75",vila oeste,AC
..***.***73,87.0,"travessa duarte, 59",brasil industrial,RO
..***.***28,68.0,favela sarah porto,conjunto são francisco de assis,DF
..***.***68,29.0,"morro enzo gabriel teixeira, 84",mirtes,RS
..***.***20,45.0,"área da mota, 13",minas caixa,AP
..***.***17,53.0,"viaduto de moreira, 1",vera cruz,DF
..***.***99,22.0,"núcleo luiz gustavo costela, 99",juliana,SE
..***.***38,53.0,via araújo,são cristóvão,SE
..***.***93,97.0,lago de cardoso,santa cecilia,MG
..***.***43,49.0,viaduto de cardoso,inconfidência,PA
..***.***71,21.0,"quadra de da mata, 49",ouro minas,MT
..***.***15,92.0,"núcleo araújo, 155",lindéia,PA
..***.***85,58.0,"estação silva, 18",serra,AM
..***.***08,100.0,"praia lavínia moraes, 29",conjunto jatoba,RJ
..***.***23,55.0,"fazenda rafaela costela, 37",havaí,CE
..***.***62,56.0,"fazenda ferreira, 849",lagoa,AP
..***.***75,100.0,"residencial alana dias, 51",vitoria,TO
..***.***73,24.0,"rua evelyn da cunha, 2",alta tensão 1ª seção,ES
..***.***00,57.0,"fazenda de duarte, 99",são sebastião,AC
..***.***52,59.0,"trevo de da costa, 7",esplanada,AC
..***.***05,36.0,"vale erick moreira, 48",vila nova cachoeirinha 2ª seção,AP
..***.***40,61.0,"parque de moraes, 36",gutierrez,TO
..***.***87,82.0,"passarela lima, 87",jatobá,RJ
..***.***57,75.0,pátio vitor gabriel rocha,são joão batista,SC
..***.***00,35.0,"rodovia agatha lopes, 7",vila são gabriel,DF
..***.***30,81.0,"aeroporto de ferreira, 2",santa helena,CE
..***.***49,100.0,"trevo aragão, 535",salgado filho,GO
..***.***22,60.0,"avenida ferreira, 7",antonio ribeiro de abreu 1ª seção,DF
..***.***71,39.0,viaduto marcelo ramos,universo,SP
..***.***08,25.0,"núcleo silva, 7",jaraguá,CE
..***.***05,45.0,"rodovia de freitas, 782",parque são josé,SC
..***.***56,35.0,"quadra silveira, 76",joão paulo ii,MG
..***.***83,37.0,"conjunto da rosa, 22",pindura saia,MS
..***.***49,87.0,parque rodrigues,vila da amizade,RO
..***.***46,45.0,"lagoa porto, 44",unidas,GO
..***.***85,54.0,"vila sales, 913",bela vitoria,SP
..***.***84,56.0,"setor peixoto, 47",palmeiras,SE
..***.***87,80.0,"parque luiz gustavo da conceição, 34",santa margarida,RS
..***.***15,49.0,"lago de rocha, 482",belmonte,PE
..***.***67,23.0,recanto maitê pereira,vila suzana primeira seção,DF
..***.***53,60.0,"feira otávio pereira, 93",piraja,RR
..***.***13,46.0,"trecho joão gabriel pires, 64",nova pampulha,RS
..***.***70,87.0,"praça de ribeiro, 9",santa inês,SP
..***.***60,75.0,passarela de caldeira,vila sesc,AP
..***.***00,31.0,estrada danilo monteiro,conjunto califórnia ii,BA
..***.***47,41.0,"rodovia sophia rodrigues, 88",vila independencia 2ª seção,RR
..***.***00,99.0,lagoa souza,copacabana,ES
..***.***60,24.0,"área ana sophia pereira, 32",minas caixa,TO
..***.***73,29.0,"viaduto de sales, 92",buraco quente,AL
..***.***19,90.0,"núcleo monteiro, 504",são bernardo,TO
..***.***67,38.0,núcleo ribeiro,vila nova cachoeirinha 1ª seção,PE
..***.***90,19.0,"praça ana júlia rezende, 38",vila coqueiral,PA
..***.***47,41.0,"avenida bruna rodrigues, 724",diamante,ES
..***.***19,45.0,"pátio rocha, 75",havaí,AC
..***.***24,40.0,"viaduto enzo gabriel moreira, 72",vila real 2ª seção,CE
..***.***50,20.0,"residencial ribeiro, 60",flamengo,RO
..***.***05,49.0,"travessa cardoso, 95",alta tensão 1ª seção,MT
..***.***71,24.0,quadra lorenzo pires,vila olhos d'água,AC
..***.***56,86.0,campo de souza,vila jardim são josé,RR
..***.***97,87.0,"via de da paz, 5",dona clara,AL
..***.***26,31.0,"trevo carvalho, 9",grajaú,BA
..***.***76,23.0,travessa novaes,boa vista,TO
..***.***60,71.0,"passarela de nascimento, 916",joão paulo ii,AL
..***.***97,72.0,"avenida de almeida, 78",vila atila de paiva,AL
..***.***65,24.0,avenida heloísa costa,cabana do pai tomás,AC
..***.***84,85.0,"núcleo farias, 97",lourdes,RR
..***.***53,90.0,"favela de lopes, 473",lagoinha leblon,PR
..***.***80,27.0,"quadra mariana costela, 87",grajaú,BA
..***.***92,89.0,"rua cardoso, 76",olhos d'água,MA
..***.***70,57.0,"pátio paulo da rosa, 93",belvedere,TO
..***.***41,70.0,feira cardoso,conjunto minas caixa,RN
..***.***20,99.0,"distrito giovanna rodrigues, 37",marieta 3ª seção,PR
..***.***74,73.0,estrada de ramos,garças,RO
..***.***02,31.0,"viela de moraes, 56",vila maria,MS
..***.***24,95.0,"área de novaes, 52",itapoa,ES
..***.***31,55.0,"viaduto freitas, 622",jardim atlântico,PE
..***.***55,74.0,"distrito thomas pires, 77",bairro das indústrias ii,MT
..***.***05,94.0,estrada melo,vila independencia 3ª seção,AM
..***.***96,64.0,"loteamento dias, 21",camponesa 1ª seção,RN
..***.***44,75.0,"colônia vieira, 6",milionario,SE
..***.***74,34.0,"aeroporto vinicius rezende, 18",conjunto são francisco de assis,PR
..***.***75,94.0,"praça almeida, 95",vila novo são lucas,AP
..***.***70,27.0,"trecho kevin castro, 70",são geraldo,PR
..***.***14,97.0,"passarela kamilly moreira, 704",cardoso,SP
..***.***73,88.0,"vereda jesus, 7",esplanada,SP
..***.***37,59.0,"viaduto de martins, 24",vila antena,RO
..***.***82,74.0,"largo cardoso, 23",vila nova gameleira 2ª seção,AL
..***.***38,75.0,"vila heloísa barbosa, 666",conjunto são francisco de assis,RN
..***.***53,89.0,residencial de aragão,andiroba,SC
..***.***66,27.0,"loteamento lopes, 2",vila satélite,CE
..***.***07,87.0,"estrada rebeca caldeira, 440",marçola,GO
..***.***07,64.0,quadra farias,jardim guanabara,RO
..***.***61,57.0,lagoa de farias,alta tensão 2ª seção,AL
..***.***10,42.0,"largo de da costa, 400",vila jardim alvorada,CE
..***.***49,20.0,"loteamento almeida, 821",conjunto santa maria,TO
..***.***38,25.0,"chácara clarice da costa, 135",cardoso,BA
..***.***52,77.0,"distrito nathan melo, 3",universitário,PA
..***.***02,65.0,"recanto nunes, 87",vila união,AP
..***.***03,45.0,"esplanada carvalho, 8",paulo vi,CE
..***.***69,25.0,"lago lima, 6",providencia,SP
..***.***60,49.0,"vale costela, 49",jonas veiga,MT
..***.***06,81.0,"lagoa sales, 43",vila santa monica 2ª seção,AL
..***.***39,97.0,viaduto nogueira,grota,RO
..***.***38,36.0,"jardim fernanda moura, 767",cdi jatoba,AM
..***.***28,20.0,"morro isaac freitas, 543",vila nova cachoeirinha 2ª seção,RR
..***.***33,58.0,"pátio de almeida, 4",mala e cuia,TO
..***.***68,94.0,"setor de da rosa, 401",nova vista,SP
..***.***61,74.0,"chácara de martins, 14",nossa senhora do rosário,RN
..***.***80,76.0,"ladeira de da mota, 16",vila jardim leblon,MT
..***.***70,33.0,"sítio thomas rodrigues, 41",são damião,AL
..***.***22,92.0,"travessa de correia, 46",guarani,AC
..***.***30,,passarela alexandre da cunha,vila coqueiral,RR
..***.***60,71.0,"jardim de barros, 16",vila califórnia,CE
..***.***20,63.0,"praça luiz henrique correia, 81",guaratã,PE
..***.***98,82.0,"lagoa luiza gonçalves, 979",piratininga,SE
..***.***02,65.0,"parque de barbosa, 57",anchieta,GO
..***.***00,41.0,"ladeira das neves, 9",nova floresta,PE
..***.***38,85.0,lago de cavalcanti,vila betânia,TO
..***.***20,76.0,"feira nogueira, 68",santo antônio,TO
..***.***30,54.0,setor de dias,são benedito,RS
..***.***40,97.0,"campo da mata, 42",morro dos macacos,MG
..***.***19,65.0,"parque dias, 687",paulo vi,PR
..***.***75,99.0,"colônia de viana, 6",pongelupe,SE
..***.***61,77.0,via da mata,bernadete,RO
..***.***80,39.0,"praça de duarte, 194",guarani,MT
..***.***30,35.0,"campo de moura, 60",primeiro de maio,RN
..***.***39,73.0,"área duarte, 628",conjunto lagoa,RR
..***.***70,48.0,"sítio de moura, 13",paraíso,RS
..***.***76,22.0,"rua de fogaça, 71",ouro preto,AM
..***.***66,88.0,"rua de martins, 9",união,AC
..***.***22,29.0,"esplanada ana laura oliveira, 667",ribeiro de abreu,DF
..***.***84,71.0,"esplanada almeida, 4",vila fumec,PR
..***.***52,88.0,morro de cardoso,camponesa 2ª seção,GO
..***.***06,79.0,residencial de duarte,vila união,PE
..***.***40,67.0,"praça almeida, 71",capitão eduardo,RJ
..***.***89,31.0,"praia costa, 35",jardim leblon,GO
..***.***52,38.0,"via luigi peixoto, 61",são gabriel,AP
..***.***17,44.0,"estrada diogo da mata, 91",vila nova cachoeirinha 3ª seção,PI
..***.***49,99.0,"rua kaique freitas, 8",universo,RR
..***.***09,61.0,viela de almeida,união,RN
..***.***39,95.0,lagoa joão pedro alves,das industrias i,PB
..***.***06,78.0,"trevo de cardoso, 40",vale do jatoba,RS
..***.***41,45.0,"favela erick pereira, 672",vila copacabana,AM
..***.***01,93.0,"vale igor castro, 928",maravilha,BA
..***.***25,68.0,"vereda de costa, 27",madre gertrudes,RN
..***.***37,84.0,"residencial nogueira, 954",vila oeste,PB
..***.***46,30.0,"fazenda maria ribeiro, 81",vila são paulo,SE
..***.***24,92.0,"viela de aragão, 291",união,RJ
..***.***02,60.0,"estrada de da costa, 92",vila do pombal,PA
..***.***68,29.0,"colônia de fogaça, 78",vila aeroporto jaraguá,AC
..***.***96,82.0,"campo de moura, 904",alto caiçaras,PE
..***.***20,49.0,"estação igor cunha, 21",pilar,PB
..***.***14,67.0,"estrada da conceição, 23",indaiá,MS
..***.***55,77.0,"morro de costela, 73",vila da luz,MG
..***.***59,38.0,"chácara da conceição, 2",juliana,BA
..***.***67,92.0,"feira de martins, 79",vitoria da conquista,PA
..***.***76,26.0,"colônia duarte, 56",marmiteiros,PE
..***.***32,40.0,"travessa joana gonçalves, 44",lajedo,AL
..***.***55,58.0,"sítio isis campos, 81",distrito industrial do jatoba,AC
..***.***12,30.0,lagoa santos,petropolis,MT
..***.***04,69.0,"ladeira de moura, 84",nova suíça,RR
..***.***93,72.0,"rodovia sales, 21",vila canto do sabiá,PI
..***.***39,56.0,"parque de costela, 668",aguas claras,TO
..***.***28,77.0,"fazenda cavalcanti, 859",alto barroca,MT
..***.***22,58.0,quadra de ferreira,cenaculo,PI
..***.***70,96.0,"via igor da mata, 81",laranjeiras,ES
..***.***50,83.0,"trevo joão pedro araújo, 7",sagrada família,DF
..***.***61,63.0,"condomínio da cunha, 4",unidas,PA
..***.***44,95.0,"parque henrique teixeira, 32",grotinha,RR
..***.***66,31.0,"vereda silveira, 8",bom jesus,RR
..***.***76,61.0,"avenida de araújo, 28",esplanada,RS
..***.***44,92.0,"fazenda letícia costela, 6",petropolis,AM
..***.***00,40.0,"campo peixoto, 75",independência,SC
..***.***92,37.0,"parque eloah costa, 91",são geraldo,RS
..***.***08,37.0,"rua de santos, 955",ambrosina,RS
..***.***20,28.0,"estrada sales, 13",jardim felicidade,RN
..***.***57,26.0,chácara miguel fogaça,laranjeiras,PE
..***.***13,65.0,"avenida de araújo, 1",nossa senhora da aparecida,GO
..***.***77,49.0,"vale de monteiro, 267",marieta 2ª seção,ES
..***.***51,85.0,"trecho luana barros, 338",santa maria,MG
..***.***75,99.0,"parque enzo almeida, 62",piratininga,AC
..***.***37,49.0,condomínio joana lima,piratininga,MT
..***.***57,53.0,"esplanada matheus da costa, 90",paulo vi,RN
..***.***24,82.0,"residencial novaes, 84",vila da amizade,PI
..***.***21,66.0,"praia ian da mota, 383",nova cintra,RO
..***.***55,60.0,rodovia emanuel da cruz,nova esperança,PE
..***.***01,43.0,"ladeira da cruz, 635",coqueiros,BA
..***.***55,65.0,"trecho cavalcanti, 3",acaba mundo,PR
..***.***09,48.0,"estação rocha, 975",marieta 2ª seção,SC
..***.***50,51.0,"vale de cavalcanti, 98",vila havaí,ES
..***.***62,54.0,"lago caldeira, 363",barão homem de melo 1ª seção,AM
..***.***48,92.0,"vila gomes, 366",serra,PB
..***.***77,76.0,"rodovia ana beatriz cardoso, 97",etelvina carneiro,PR
..***.***49,38.0,"vereda sales, 83",ouro minas,AL
..***.***08,28.0,"ladeira clara da cruz, 37",aparecida 7ª seção,PB
..***.***17,30.0,"setor de costa, 1",nova america,ES
..***.***26,53.0,"avenida castro, 718",santo agostinho,PE
..***.***03,41.0,"recanto isabel da conceição, 6",vila madre gertrudes 4ª seção,RS
..***.***57,47.0,"núcleo de rodrigues, 95",maria virgínia,AM
..***.***16,90.0,"setor de barros, 58",vila ouro minas,SP
..***.***43,58.0,"praia pietra caldeira, 60",túnel de ibirité,GO
..***.***39,,"quadra yasmin caldeira, 4",salgado filho,PE
..***.***75,24.0,praia de nogueira,califórnia,ES
..***.***04,51.0,"rua de castro, 65",vila jardim são josé,PA
..***.***74,20.0,"pátio antônio da mota, 79",maria virgínia,PR
..***.***35,78.0,setor de ferreira,lorena,RN
..***.***15,24.0,"vereda da rocha, 6",bandeirantes,MA
..***.***95,82.0,"parque de azevedo, 8",lagoinha leblon,AL
..***.***32,,"campo gabriela rodrigues, 9",piraja,AC
..***.***44,70.0,"via nogueira, 82",andiroba,SE
..***.***91,67.0,Endereço inválido,Desconhecido,Estado inválido
..***.***21,72.0,"trevo nicole da cruz, 7",conjunto providencia,RS
..***.***52,50.0,"campo erick fernandes, 464",são benedito,AC
..***.***89,62.0,quadra de martins,nazare,AM
..***.***28,80.0,"fazenda de ferreira, 76",conjunto paulo vi,MS
..***.***69,87.0,"estrada gabrielly rocha, 634",ouro minas,PA
..***.***48,68.0,"estação cardoso, 175",barão homem de melo 1ª seção,SC
..***.***07,22.0,"estrada duarte, 37",marmiteiros,MS
..***.***78,90.0,"praia moreira, 20",são jorge 2ª seção,TO
..***.***29,53.0,"largo de da cruz, 431",mangueiras,TO
..***.***09,41.0,"trevo de moraes, 78",bairro das indústrias ii,TO
..***.***60,34.0,"distrito kaique costa, 17",novo glória,RJ
..***.***77,32.0,"condomínio da cunha, 964",conjunto califórnia i,ES
..***.***06,46.0,"praia de almeida, 38",vila nova gameleira 3ª seção,MG
..***.***83,22.0,"aeroporto santos, 94",ademar maldonado,PI
..***.***93,74.0,"alameda de da mata, 18",barroca,MS
..***.***55,80.0,"aeroporto aragão, 8",guarani,DF
..***.***96,55.0,"vereda daniel gonçalves, 6",bacurau,PB
..***.***57,62.0,"conjunto de cunha, 63",estrela,SP
..***.***65,21.0,"rodovia de cavalcanti, 47",capitão eduardo,AP
..***.***51,98.0,"loteamento thiago fernandes, 51",graça,PB
..***.***34,48.0,praça breno ribeiro,vista do sol,PB
..***.***78,74.0,"viela alice nogueira, 65",olaria,MA
..***.***31,65.0,aeroporto cavalcanti,coqueiros,SE
..***.***00,56.0,travessa de santos,garças,MT
..***.***39,92.0,"passarela isis porto, 38",capitão eduardo,PA
..***.***05,24.0,"parque daniel pinto, 7",vista alegre,MT
..***.***50,32.0,"vila letícia da paz, 17",marajó,CE
..***.***00,99.0,colônia de moura,morro dos macacos,PR
..***.***04,62.0,"alameda joão pedro castro, 14",vila fumec,AM
..***.***29,33.0,via de jesus,caetano furquim,MG
..***.***24,45.0,"feira marcos vinicius da cruz, 317",leonina,MA
..***.***76,85.0,"via de ferreira, 44",cidade jardim,MG
..***.***00,89.0,"aeroporto de ribeiro, 65",mariquinhas,AM
..***.***19,64.0,"loteamento otávio freitas, 74",camponesa 2ª seção,TO
..***.***84,82.0,área maria fernanda pinto,nova pampulha,MT
..***.***30,29.0,"alameda da mata, 64",vila boa vista,MG
..***.***80,32.0,"estrada de ribeiro, 73",buritis,MG
..***.***04,97.0,"aeroporto de nascimento, 13",pongelupe,PR
..***.***60,24.0,"chácara de costa, 62",aparecida,PI
..***.***67,23.0,"campo da costa, 719",olaria,GO
..***.***68,99.0,"quadra de monteiro, 43",novo das industrias,CE
..***.***41,39.0,estrada pereira,vila batik,PE
..***.***08,79.0,"lagoa de da rocha, 60",jardim atlântico,PI
..***.***01,43.0,"parque alícia cavalcanti, 234",vila piratininga,CE
..***.***79,57.0,"largo de duarte, 24",barro preto,BA
..***.***99,27.0,"campo enrico lima, 20",trevo,TO
..***.***01,100.0,"favela martins, 7",barão homem de melo 2ª seção,ES
..***.***58,30.0,"ladeira barros, 84",xodo-marize,AP
..***.***97,40.0,"jardim silveira, 35",dona clara,RR
..***.***55,46.0,"viaduto evelyn ribeiro, 56",dom silverio,MG
..***.***47,79.0,"campo de farias, 77",paulo vi,AM
..***.***05,45.0,"loteamento alice freitas, 3",santa lúcia,AL
..***.***60,20.0,"trecho alícia monteiro, 61",são jorge 3ª seção,AL
..***.***40,84.0,"alameda pinto, 59",cinquentenário,MT
..***.***03,77.0,"condomínio larissa teixeira, 216",olhos d'água,BA
..***.***19,77.0,"vale de da mata, 75",bela vitoria,TO
..***.***10,73.0,trevo beatriz cardoso,prado,AP
..***.***44,67.0,"feira souza, 65",santa helena,AL
..***.***91,53.0,"fazenda luiza campos, 62",horto,GO
..***.***53,74.0,"loteamento de gomes, 86",liberdade,RS
..***.***21,28.0,"condomínio marina costela, 29",morro dos macacos,RR
..***.***35,100.0,"feira letícia nascimento, 5",unidas,MA
..***.***83,45.0,"aeroporto de ribeiro, 57",coração de jesus,MT
..***.***77,36.0,"feira moura, 2",das industrias i,PB
..***.***53,78.0,"favela peixoto, 76",mangueiras,PE
..***.***26,21.0,"distrito rezende, 61",jardim américa,MT
..***.***44,61.0,"favela caldeira, 98",maria helena,DF
..***.***88,29.0,"chácara campos, 423",vila são geraldo,MG
..***.***30,99.0,"parque alves, 70",flavio de oliveira,RN
..***.***37,65.0,sítio luiz gustavo cunha,nova vista,RJ
..***.***70,45.0,"viela yago oliveira, 70",serrano,RN
..***.***04,81.0,"alameda joão fernandes, 25",estrela do oriente,GO
..***.***97,23.0,"trevo de rezende, 83",coqueiros,AL
..***.***70,39.0,"área de gonçalves, 31",vila real 2ª seção,RR
..***.***00,42.0,"aeroporto de gomes, 936",vila santo antônio,MT
..***.***14,43.0,"trevo correia, 72",olhos d'água,RN
..***.***29,26.0,"viaduto vitor gabriel ferreira, 32",minas brasil,GO
..***.***29,41.0,"alameda teixeira, 9",vila são joão batista,AL
..***.***00,91.0,"pátio de nunes, 3",vila nova dos milionarios,CE
..***.***61,89.0,campo de da paz,nova vista,PE
..***.***01,64.0,"trevo marcos vinicius jesus, 4",alpes,AL
..***.***94,78.0,"parque de teixeira, 132",vila de sá,AM
..***.***07,34.0,"área lima, 7",vila são francisco,PI
..***.***80,24.0,"trecho pires, 10",nazare,MS
..***.***75,86.0,pátio de da rosa,glória,SE
..***.***65,42.0,avenida emilly pereira,distrito industrial do jatoba,AL
..***.***24,31.0,quadra costa,bonsucesso,MA
..***.***85,59.0,"vale rezende, 20",juliana,AL
..***.***11,62.0,"sítio nascimento, 64",são lucas,MG
..***.***07,24.0,"estrada eduardo porto, 85",boa vista,MA
..***.***91,86.0,"estação da cruz, 13",primeiro de maio,PI
..***.***90,25.0,"distrito clara viana, 41",lajedo,CE
..***.***51,66.0,"viela de das neves, 139",novo glória,DF
..***.***56,73.0,"travessa de barros, 4",santa helena,PB
..***.***78,93.0,"viela viana, 95",santa rita de cássia,CE
..***.***42,88.0,"feira vieira, 28",vila são dimas,SC
..***.***01,52.0,"rodovia cardoso, 377",santa cecilia,MT
..***.***20,41.0,"praia almeida, 6",beira linha,AM
..***.***94,37.0,"aeroporto de da rocha, 27",união,MS
..***.***21,20.0,"rodovia laís nunes, 50",vila madre gertrudes 2ª seção,RR
..***.***83,99.0,"rodovia de souza, 416",conjunto são francisco de assis,PI
..***.***89,99.0,"praia costa, 3",vila santo antônio barroquinha,AC
..***.***34,75.0,via porto,conjunto capitão eduardo,PR
..***.***69,64.0,"campo cauã freitas, 66",xangri-lá,PB
..***.***10,68.0,"condomínio cunha, 74",camponesa 2ª seção,PA
..***.***85,71.0,núcleo pietro barros,vila piratininga,PE
..***.***66,78.0,"aeroporto melo, 31",conjunto celso machado,AC
..***.***26,84.0,"condomínio de lima, 66",mirtes,GO
..***.***78,31.0,"pátio davi lucca viana, 6",gameleira,PA
..***.***08,67.0,"feira gonçalves, 4",vila paquetá,AP
..***.***16,69.0,núcleo viana,conjunto jatoba,RN
..***.***60,27.0,"feira de oliveira, 1",mariquinhas,RN
..***.***68,56.0,"campo araújo, 10",tiradentes,GO
..***.***07,80.0,lagoa ana sophia oliveira,pedreira padro lopes,RN
..***.***11,33.0,"jardim sales, 42",conjunto minas caixa,RO
..***.***92,75.0,"morro aragão, 796",estrela,MT
..***.***01,75.0,"aeroporto pietro oliveira, 4",parque são josé,RR
..***.***69,86.0,"rodovia pedro henrique santos, 46",lagoa,AL
..***.***82,47.0,"praia ferreira, 17",heliopolis,RJ
..***.***10,47.0,"vila de farias, 46",minas caixa,AL
..***.***01,78.0,"campo yasmin moreira, 49",funcionários,AP
..***.***89,82.0,"avenida lavínia castro, 46",marieta 2ª seção,SP
..***.***50,84.0,condomínio levi almeida,vila nova cachoeirinha 3ª seção,AM
..***.***51,71.0,"viela isis gomes, 43",petropolis,AP
..***.***00,47.0,"jardim luiz felipe duarte, 1",bela vitoria,RR
..***.***86,34.0,"jardim almeida, 48",belvedere,MS
..***.***59,52.0,"pátio de ribeiro, 16",pindura saia,RJ
..***.***01,21.0,"ladeira mariane santos, 7",distrito industrial do jatoba,SE
..***.***76,84.0,"vila silveira, 86",gameleira,PB
..***.***10,62.0,"ladeira duarte, 35",urca,MT
..***.***11,58.0,"viaduto de novaes, 952",dom cabral,SP
..***.***87,58.0,"aeroporto isaac da conceição, 1",vila jardim montanhes,MT
..***.***92,54.0,"fazenda de porto, 4",santa lúcia,PR
..***.***25,85.0,"distrito de moraes, 56",alto vera cruz,AP
..***.***24,65.0,"jardim novaes, 13",sion,RO
..***.***80,69.0,"ladeira de da conceição, 76",venda nova,TO
..***.***23,50.0,"passarela de porto, 65",pousada santo antonio,PI
..***.***16,52.0,"travessa de farias, 9",esplanada,RS
..***.***79,95.0,"parque da luz, 3",grajaú,RR
..***.***59,95.0,"parque de silveira, 6",são jorge 3ª seção,MS
..***.***50,63.0,"campo santos, 714",alto barroca,RJ
..***.***64,37.0,"área de moreira, 82",das industrias i,DF
..***.***25,32.0,viela kamilly cunha,vista do sol,SP
..***.***57,43.0,"campo de da cruz, 22",conjunto são francisco de assis,SC
..***.***00,78.0,rodovia cunha,das industrias i,MA
..***.***71,66.0,"passarela joão pedro nunes, 6",vila oeste,DF
..***.***41,75.0,"estação alves, 8",vila petropolis,PE
..***.***57,57.0,"viela da costa, 16",canadá,MA
..***.***93,91.0,"vale nogueira, 8",bela vitoria,CE
..***.***69,46.0,"parque helena pires, 852",vila jardim são josé,AL
..***.***46,83.0,"vereda da mota, 37",vila da luz,SE
..***.***35,39.0,"praia bryan martins, 8",santa amelia,SE
..***.***95,67.0,"largo maysa cavalcanti, 6",vila satélite,AP
..***.***39,55.0,"alameda de campos, 32",vila são rafael,AL
..***.***48,90.0,"jardim de lima, 1",das industrias i,MT
..***.***73,52.0,aeroporto noah jesus,diamante,BA
..***.***00,98.0,"feira jesus, 20",aparecida 7ª seção,DF
..***.***30,22.0,"campo emanuelly gonçalves, 51",novo glória,BA
..***.***26,98.0,"alameda de carvalho, 150",saudade,RR
..***.***77,70.0,"trevo nina pereira, 99",álvaro camargos,CE
..***.***41,35.0,"morro eduarda farias, 92",aarão reis,AC
..***.***03,59.0,"vale davi luiz dias, 709",vila oeste,CE
..***.***04,100.0,"favela elisa barbosa, 521",jardim vitoria,SC
..***.***83,75.0,"aeroporto laura gonçalves, 7",vila vista alegre,MG
..***.***50,32.0,"setor de da luz, 81",são cristóvão,GO
..***.***20,100.0,"trevo de moreira, 63",araguaia,PI
..***.***17,77.0,"ladeira peixoto, 85",são marcos,MA
..***.***08,36.0,colônia maitê cardoso,copacabana,DF
..***.***05,30.0,"praia de campos, 94",candelaria,PR
..***.***95,98.0,"área moreira, 8",grajaú,PA
..***.***10,70.0,jardim de dias,mirtes,CE
..***.***67,48.0,"viela de gonçalves, 79",vila havaí,SC
..***.***49,50.0,"campo de nascimento, 5",serra do curral,SP
..***.***92,88.0,"viaduto farias, 15",sagrada família,PR
..***.***39,59.0,"jardim cavalcanti, 94",petropolis,BA
..***.***07,30.0,"lago de lopes, 6",floramar,GO
..***.***78,34.0,"aeroporto de fogaça, 29",santa sofia,TO
..***.***09,37.0,"travessa de da luz, 42",vila nova paraíso,MS
..***.***12,34.0,"estação de da costa, 211",pilar,PA
..***.***07,78.0,"recanto rodrigues, 80",minas caixa,PI
..***.***15,67.0,"praia daniel barbosa, 847",silveira,BA
..***.***42,79.0,estação miguel rodrigues,coração de jesus,AL
..***.***17,85.0,"trevo sofia moreira, 67",alta tensão 1ª seção,CE
..***.***31,75.0,"quadra de alves, 729",camponesa 2ª seção,PA
..***.***00,99.0,"aeroporto jesus, 2",são francisco,ES
..***.***49,81.0,"alameda araújo, 53",piratininga,MS
..***.***90,78.0,"viela de sales, 68",nova esperança,TO
..***.***70,67.0,"morro ryan da luz, 43",vila nova gameleira 2ª seção,PB
..***.***78,85.0,área ferreira,jardim montanhês,AP
..***.***01,54.0,"conjunto farias, 36",silveira,SE
..***.***89,45.0,praia marina da rosa,são jorge 3ª seção,AC
..***.***66,95.0,"via de viana, 68",beija flor,SC
..***.***26,33.0,"viela campos, 2",anchieta,MG
..***.***50,93.0,"vereda de aragão, 15",horto,RR
..***.***07,30.0,"vereda de souza, 13",europa,PR
..***.***03,88.0,"colônia da costa, 7",ouro minas,SE
..***.***31,78.0,"vale de caldeira, 8",ribeiro de abreu,AL
..***.***00,100.0,"praia de silva, 91",joão pinheiro,ES
..***.***88,98.0,avenida da luz,vila inestan,AL
..***.***89,89.0,"estrada de da rosa, 69",jonas veiga,AP
..***.***03,87.0,"morro da rocha, 84",tirol,MT
..***.***09,22.0,"estrada sabrina freitas, 40",acaba mundo,DF
..***.***33,73.0,"recanto miguel moraes, 45",penha,RS
..***.***69,60.0,"feira de farias, 28",horto,RS
..***.***01,71.0,"sítio moura, 50",ápia,GO
..***.***60,49.0,"trevo davi lucca da cruz, 72",boa união 1ª seção,PI
..***.***82,61.0,"chácara da mota, 218",conjunto floramar,RJ
..***.***50,74.0,"feira martins, 78",estrela do oriente,RN
..***.***40,30.0,"setor luiz henrique monteiro, 4",madri,MG
..***.***80,36.0,"chácara de da mota, 4",pompéia,PA
..***.***78,62.0,Endereço inválido,Desconhecido,Estado inválido
..***.***40,30.0,residencial noah mendes,vila atila de paiva,SC
..***.***47,63.0,"fazenda moraes, 80",vila vista alegre,ES
..***.***76,91.0,"travessa leandro da mata, 898",vila sesc,RO
..***.***57,50.0,"área raquel moura, 8",mangabeiras,TO
..***.***01,55.0,condomínio de santos,jaraguá,MG
..***.***15,27.0,"estação lara almeida, 67",sagrada família,PE
..***.***05,92.0,residencial de mendes,jardim guanabara,RR
..***.***74,41.0,"aeroporto emanuel barros, 4",tres marias,DF
..***.***91,74.0,"trecho gomes, 3",barreiro,GO
..***.***56,92.0,"alameda paulo da cruz, 70",vila madre gertrudes 3ª seção,PR
..***.***40,33.0,"residencial pinto, 95",etelvina carneiro,DF
..***.***37,77.0,"lagoa de silveira, 91",trevo,PI
..***.***42,53.0,"condomínio moura, 504",santa helena,SE
..***.***32,94.0,distrito de cavalcanti,vila barragem santa lúcia,RJ
..***.***10,85.0,"favela letícia jesus, 34",novo ouro preto,MG
..***.***59,51.0,"feira de da conceição, 796",mangabeiras,SE
..***.***60,83.0,morro de ramos,conjunto taquaril,AM
..***.***30,22.0,"quadra lopes, 69",vila da paz,CE
..***.***37,93.0,"jardim de carvalho, 5",santo andré,AL
..***.***09,20.0,"vereda araújo, 18",garças,PI
..***.***50,99.0,"pátio fernandes, 59",vila ouro minas,AM
..***.***39,84.0,"jardim vinicius caldeira, 28",jonas veiga,DF
..***.***12,73.0,"passarela de araújo, 123",andiroba,AM
..***.***31,60.0,"rodovia eduarda ramos, 87",engenho nogueira,PB
..***.***55,99.0,"viela ana júlia fernandes, 25",pirineus,AC
..***.***67,100.0,"vereda cauê barbosa, 141",conjunto providencia,MA
..***.***57,69.0,"campo rodrigues, 351",brasil industrial,MS
..***.***00,87.0,"residencial de sales, 5",vila cloris,SE
..***.***53,59.0,"área de castro, 108",nova vista,PI
..***.***17,59.0,"estrada fernanda jesus, 2",santa margarida,AC
..***.***76,58.0,"lagoa pietro da cruz, 524",vila santa monica 2ª seção,RO
..***.***80,22.0,"rodovia de porto, 90",marieta 2ª seção,GO
..***.***05,23.0,"parque de gomes, 71",mala e cuia,PA
..***.***12,96.0,"esplanada de moura, 30",vila petropolis,PA
..***.***89,69.0,distrito moraes,indaiá,MS
..***.***85,77.0,"lago da luz, 59",suzana,AM
..***.***73,63.0,"favela beatriz da costa, 77",antonio ribeiro de abreu 1ª seção,RJ
..***.***11,69.0,"passarela davi lucca lopes, 37",ernesto nascimento,MG
..***.***83,38.0,"vereda de da mota, 564",jaqueline,MA
..***.***11,52.0,"favela costa, 372",serra,GO
..***.***23,32.0,"distrito jesus, 34",vila rica,RS
..***.***34,71.0,"viela de castro, 27",álvaro camargos,DF
..***.***42,28.0,"campo moreira, 48",tirol,RN
..***.***65,53.0,"favela de da rocha, 6",carlos prates,MS
..***.***05,28.0,condomínio maria julia cavalcanti,vila são dimas,PA
..***.***22,75.0,chácara maria fernanda castro,marajó,PB
..***.***80,89.0,ladeira castro,jardim são josé,MA
..***.***12,78.0,"largo cavalcanti, 96",floramar,SC
..***.***13,,"pátio de da paz, 57",são joão,SC
..***.***51,79.0,"recanto de novaes, 32",serra do curral,TO
..***.***06,93.0,"jardim stella da costa, 91",pompéia,BA
..***.***79,52.0,"residencial marina azevedo, 89",lagoinha leblon,MT
..***.***50,48.0,"praça joão rezende, 30",céu azul,RJ
..***.***99,95.0,"chácara alice ferreira, 678",vila calafate,TO
..***.***52,61.0,estação de rodrigues,tres marias,PA
..***.***19,71.0,trevo vieira,nossa senhora aparecida,AP
..***.***78,73.0,"sítio de novaes, 75",vila são dimas,AL
..***.***31,60.0,"área da costa, 29",dona clara,MS
..***.***42,37.0,"feira da costa, 17",vila dos anjos,SE
..***.***48,72.0,"lagoa alves, 97",buritis,MT
..***.***92,75.0,"recanto elisa da mota, 8",alípio de melo,AL
..***.***60,93.0,"setor vinicius moraes, 475",nossa senhora aparecida,TO
..***.***41,84.0,"área oliveira, 91",são paulo,SP
..***.***05,56.0,"aeroporto da rocha, 499",estrela,BA
..***.***21,93.0,"ladeira ribeiro, 6",vila santo antônio,PE
..***.***44,82.0,"trevo da cunha, 2",são bento,AL
..***.***26,35.0,"via de nunes, 63",olaria,ES
..***.***02,25.0,"travessa de lopes, 205",mariano de abreu,CE
..***.***92,42.0,"via brenda cunha, 49",vila da ária,AC
..***.***60,54.0,"praça ana luiza fernandes, 5",conjunto jatoba,BA
..***.***64,97.0,recanto melo,conjunto providencia,ES
..***.***68,86.0,"lago de da cunha, 6",custodinha,RN
..***.***79,91.0,chácara joão gabriel nogueira,goiania,MG
..***.***59,48.0,"trecho de rodrigues, 659",alto das antenas,PR
..***.***91,30.0,"residencial gabriela azevedo, 35",vila rica,PI
..***.***50,40.0,"conjunto da conceição, 39",outro,DF
..***.***87,71.0,"campo camila das neves, 14",granja de freitas,MG
..***.***43,88.0,"residencial luiza correia, 598",savassi,ES
..***.***84,27.0,núcleo de caldeira,vila são joão batista,AL
..***.***04,33.0,"lagoa de rodrigues, 23",vila nova,RN
..***.***26,46.0,"viela eloah cunha, 42",vila suzana primeira seção,RS
..***.***60,79.0,"núcleo maria julia cunha, 21",vila santa rosa,PE
..***.***07,36.0,alameda nascimento,vila suzana primeira seção,GO
..***.***50,36.0,"travessa de da rosa, 86",itaipu,PA
..***.***66,59.0,"sítio de costa, 5",pantanal,TO
..***.***46,85.0,campo bernardo barros,conjunto são francisco de assis,MG
..***.***22,99.0,recanto silva,joão paulo ii,SP
..***.***65,40.0,"conjunto almeida, 3",bela vitoria,AC
..***.***05,41.0,"pátio joão lucas cardoso, 77",maria tereza,AM
..***.***46,91.0,"praia luiz gustavo da luz, 83",são joão batista,RO
..***.***89,,"esplanada farias, 252",caetano furquim,GO
..***.***52,25.0,"rodovia de costela, 116",são geraldo,CE
..***.***70,52.0,"quadra vieira, 230",cdi jatoba,RO
..***.***07,45.0,"trecho de caldeira, 369",santa sofia,SE
..***.***49,83.0,"largo joão santos, 10",vila batik,RN
..***.***00,99.0,"setor juliana fogaça, 605",piraja,MA
..***.***53,81.0,"área ana vitória martins, 56",xodo-marize,BA
..***.***07,38.0,"área thomas moraes, 58",canaa,RJ
..***.***57,72.0,"chácara mendes, 64",varzea da palma,PR
..***.***05,22.0,"vale de duarte, 5",horto florestal,AM
..***.***99,78.0,"alameda das neves, 1",planalto,MT
..***.***22,75.0,"viela danilo farias, 54",lagoa,PE
..***.***19,82.0,"favela correia, 6",vila dos anjos,SE
..***.***82,65.0,rodovia maria julia peixoto,jardim guanabara,AC
..***.***34,67.0,"trecho de oliveira, 41",urca,AC
..***.***59,77.0,"lagoa danilo fogaça, 756",nova gameleira,RO
..***.***50,37.0,"colônia de correia, 93",laranjeiras,CE
..***.***41,58.0,"setor oliveira, 4",são josé,MA
..***.***00,83.0,morro de ferreira,vila são joão batista,MG
..***.***03,92.0,"alameda eduardo barros, 60",gameleira,PI
..***.***35,36.0,"área joaquim nogueira, 98",pedreira padro lopes,MA
..***.***12,83.0,"loteamento de nunes, 83",jatobá,PB
..***.***02,59.0,"viela alana souza, 456",união,DF
..***.***07,89.0,"viela de da cruz, 61",bonsucesso,PA
..***.***15,74.0,"esplanada thomas pires, 33",providencia,AP
..***.***43,96.0,estrada da cruz,aparecida,AP
..***.***20,37.0,"residencial de cardoso, 66",vila santo antônio,SE
..***.***05,96.0,"condomínio de nunes, 436",vila betânia,PI
..***.***83,61.0,"morro nunes, 657",ipe,CE
..***.***13,71.0,"praia de campos, 82",vila oeste,SP
..***.***49,43.0,"esplanada marcela castro, 36",flavio de oliveira,PA
..***.***24,67.0,setor luana ramos,nova pampulha,AC
..***.***03,91.0,"esplanada pedro nascimento, 71",vila são paulo,GO
..***.***74,81.0,"favela kaique fogaça, 19",castelo,AL
..***.***49,63.0,rodovia de castro,santa branca,ES
..***.***02,71.0,Endereço inválido,Desconhecido,Estado inválido
..***.***17,33.0,"colônia costa, 81",vera cruz,RO
..***.***65,69.0,"vale vieira, 49",comiteco,RS
..***.***06,69.0,"recanto de moreira, 426",santo agostinho,MT
..***.***83,59.0,"sítio clarice sales, 99",silveira,PB
..***.***43,23.0,sítio azevedo,vila mantiqueira,DF
..***.***21,35.0,recanto de castro,centro,MA
..***.***99,30.0,"estação rafael nunes, 90",jardim são josé,RO
..***.***61,89.0,"viela da rocha, 160",barão homem de melo 2ª seção,BA
..***.***14,36.0,"morro ribeiro, 11",casa branca,GO
..***.***31,86.0,"sítio ramos, 73",cachoeirinha,MG
..***.***73,26.0,"ladeira luiza pinto, 9",conjunto minas caixa,MT
..***.***33,98.0,"lagoa cavalcanti, 12",vila ecológica,SP
..***.***89,90.0,avenida azevedo,santa maria,MA
..***.***44,46.0,"avenida rocha, 13",alta tensão 2ª seção,PI
..***.***42,52.0,"praia moreira, 1",cardoso,SE
..***.***98,52.0,"passarela rocha, 96",buraco quente,SP
..***.***22,48.0,"travessa guilherme carvalho, 7",jonas veiga,MS
..***.***16,68.0,"estação fernandes, 85",nova floresta,GO
..***.***30,68.0,"loteamento thales pires, 51",vila união,RR
..***.***58,41.0,"via vieira, 26",ouro preto,GO
..***.***06,95.0,"quadra amanda martins, 4",universo,MG
..***.***58,63.0,"distrito caldeira, 95",serra,PI
..***.***20,21.0,"distrito de fogaça, 13",pompéia,AP
..***.***34,70.0,"aeroporto de fogaça, 74",vila santa monica 2ª seção,BA
..***.***22,47.0,"trecho de barbosa, 7",são josé,RJ
..***.***22,12.0,trecho da mata,barroca,SC
..***.***73,7.0,"largo theo silva, 91",nossa senhora da conceição,SP
..***.***87,7.0,"pátio de rocha, 4",cinquentenário,MG
..***.***05,11.0,"quadra isabel castro, 40",biquinhas,PI
..***.***77,7.0,"lago de caldeira, 4",beija flor,AC
..***.***09,6.0,"viaduto araújo, 76",são bento,PR
..***.***41,17.0,"loteamento de ferreira, 24",nova suíça,PA
..***.***69,19.0,"ladeira gomes, 10",califórnia,RJ
..***.***33,7.0,"núcleo de da paz, 894",sion,GO
..***.***84,3.0,recanto de melo,nossa senhora do rosário,BA
..***.***38,40.0,"colônia da rocha, 31",jardim américa,RN
..***.***00,94.0,"estrada nogueira, 21",atila de paiva,PB
..***.***23,75.0,rua não cadastrada,bairro não cadastrado,PR
..***.***88,22.0,rua não cadastrada,bairro não cadastrado,RS
..***.***35,42.0,rua não cadastrada,bairro não cadastrado,RJ
..***.***55,54.0,rua não cadastrada,bairro não cadastrado,RS
..***.***00,22.0,rua não cadastrada,bairro não cadastrado,ES
..***.***05,50.0,rua não cadastrada,bairro não cadastrado,AM
..***.***13,100.0,rua não cadastrada,bairro não cadastrado,MG
..***.***02,87.0,rua não cadastrada,bairro não cadastrado,RO
..***.***02,28.0,rua não cadastrada,bairro não cadastrado,MG
..***.***60,59.0,rua não cadastrada,bairro não cadastrado,SP
..***.***98,68.0,rua não cadastrada,bairro não cadastrado,TO
..***.***16,81.0,rua não cadastrada,bairro não cadastrado,MG
..***.***80,57.0,rua não cadastrada,bairro não cadastrado,GO
..***.***40,89.0,rua não cadastrada,bairro não cadastrado,SP
..***.***94,50.0,rua não cadastrada,bairro não cadastrado,GO
..***.***83,45.0,"parque de santos, 88",são joão,PI
